state,x,y
low_valence,0.03569258599380675,-0.2588268894579117
high_valence,-0.03569258599380675,0.2588268894579117
