,low_valence,high_valence
low_valence,0.0,0.5225526553425343
high_valence,0.5225526553425343,0.0
