,low_valence,high_valence
low_valence,0.0,0.2263771321949099
high_valence,0.2263771321949099,0.0
