state,x,y
low_valence,-0.0835316905040722,0.08227025728075973
high_valence,0.0835316905040722,-0.08227025728075973
