,low_valence,high_valence
low_valence,0.0,0.23448614928400788
high_valence,0.23448614928400788,0.0
