,low_valence,high_valence
low_valence,0.0,0.2423384146665874
high_valence,0.2423384146665874,0.0
