,low_valence,high_valence
low_valence,0.0,1.4506064710766138
high_valence,1.4506064710766138,0.0
