state,x,y
low_valence,-0.5167538089356993,0.5089501787334232
high_valence,0.5167538089356993,-0.5089501787334232
